Accuracy,ROC AUC,Sensitivity,Specificity
0.7873190214677983,0.814171585173452,0.8585858585858586,0.7697573117610454
