Accuracy,F1-Score,ROC AUC,Sensitivity,Specificity
0.8067898152770844,0.7774378536828082,0.8348693845738027,0.8813131313131313,0.7884256378344742
