Accuracy,ROC AUC,Sensitivity,Specificity
0.7548676984523215,0.8234436775973801,0.9368686868686869,0.7100186683260734
